Jahr;Altersgruppe;Führerausweisinhaber;Quelldatei
2016;18-19;57379;3591_Fu_hrerausweisstatistik nach Alter_2016-2020.xlsx
2016;20-29;779683;3591_Fu_hrerausweisstatistik nach Alter_2016-2020.xlsx
2016;30-39;1034452;3591_Fu_hrerausweisstatistik nach Alter_2016-2020.xlsx
2016;40-49;1152569;3591_Fu_hrerausweisstatistik nach Alter_2016-2020.xlsx
2016;50-59;1213776;3591_Fu_hrerausweisstatistik nach Alter_2016-2020.xlsx
2016;60-69;898297;3591_Fu_hrerausweisstatistik nach Alter_2016-2020.xlsx
2016;70-79;487298;3591_Fu_hrerausweisstatistik nach Alter_2016-2020.xlsx
2016;80-89;143761;3591_Fu_hrerausweisstatistik nach Alter_2016-2020.xlsx
2016;90+;9287;3591_Fu_hrerausweisstatistik nach Alter_2016-2020.xlsx
2017;18-19;56208;3591_Fu_hrerausweisstatistik nach Alter_2016-2020.xlsx
2017;20-29;780258;3591_Fu_hrerausweisstatistik nach Alter_2016-2020.xlsx
2017;30-39;1048019;3591_Fu_hrerausweisstatistik nach Alter_2016-2020.xlsx
2017;40-49;1139255;3591_Fu_hrerausweisstatistik nach Alter_2016-2020.xlsx
2017;50-59;1235082;3591_Fu_hrerausweisstatistik nach Alter_2016-2020.xlsx
2017;60-69;913830;3591_Fu_hrerausweisstatistik nach Alter_2016-2020.xlsx
2017;70-79;509476;3591_Fu_hrerausweisstatistik nach Alter_2016-2020.xlsx
2017;80-89;151428;3591_Fu_hrerausweisstatistik nach Alter_2016-2020.xlsx
2017;90+;10119;3591_Fu_hrerausweisstatistik nach Alter_2016-2020.xlsx
2018;18-19;55399;3591_Fu_hrerausweisstatistik nach Alter_2016-2020.xlsx
2018;20-29;775235;3591_Fu_hrerausweisstatistik nach Alter_2016-2020.xlsx
2018;30-39;1062553;3591_Fu_hrerausweisstatistik nach Alter_2016-2020.xlsx
2018;40-49;1126772;3591_Fu_hrerausweisstatistik nach Alter_2016-2020.xlsx
2018;50-59;1251755;3591_Fu_hrerausweisstatistik nach Alter_2016-2020.xlsx
2018;60-69;930191;3591_Fu_hrerausweisstatistik nach Alter_2016-2020.xlsx
2018;70-79;532217;3591_Fu_hrerausweisstatistik nach Alter_2016-2020.xlsx
2018;80-89;160124;3591_Fu_hrerausweisstatistik nach Alter_2016-2020.xlsx
2018;90+;11244;3591_Fu_hrerausweisstatistik nach Alter_2016-2020.xlsx
2019;18-19;57137;3591_Fu_hrerausweisstatistik nach Alter_2016-2020.xlsx
2019;20-29;772307;3591_Fu_hrerausweisstatistik nach Alter_2016-2020.xlsx
2019;30-39;1074923;3591_Fu_hrerausweisstatistik nach Alter_2016-2020.xlsx
2019;40-49;1119548;3591_Fu_hrerausweisstatistik nach Alter_2016-2020.xlsx
2019;50-59;1261398;3591_Fu_hrerausweisstatistik nach Alter_2016-2020.xlsx
2019;60-69;950282;3591_Fu_hrerausweisstatistik nach Alter_2016-2020.xlsx
2019;70-79;565150;3591_Fu_hrerausweisstatistik nach Alter_2016-2020.xlsx
2019;80-89;168632;3591_Fu_hrerausweisstatistik nach Alter_2016-2020.xlsx
2019;90+;12219;3591_Fu_hrerausweisstatistik nach Alter_2016-2020.xlsx
2020;18-19;57623;3591_Fu_hrerausweisstatistik nach Alter_2016-2020.xlsx
2020;20-29;766872;3591_Fu_hrerausweisstatistik nach Alter_2016-2020.xlsx
2020;30-39;1086388;3591_Fu_hrerausweisstatistik nach Alter_2016-2020.xlsx
2020;40-49;1119349;3591_Fu_hrerausweisstatistik nach Alter_2016-2020.xlsx
2020;50-59;1265696;3591_Fu_hrerausweisstatistik nach Alter_2016-2020.xlsx
2020;60-69;973173;3591_Fu_hrerausweisstatistik nach Alter_2016-2020.xlsx
2020;70-79;597109;3591_Fu_hrerausweisstatistik nach Alter_2016-2020.xlsx
2020;80-89;176127;3591_Fu_hrerausweisstatistik nach Alter_2016-2020.xlsx
2020;90+;13233;3591_Fu_hrerausweisstatistik nach Alter_2016-2020.xlsx
2021;18-19;71013;3591_Fu_hrerausweisstatistik nach Alter_2021-2025.xlsx
2021;20-29;765441;3591_Fu_hrerausweisstatistik nach Alter_2021-2025.xlsx
2021;30-39;1096592;3591_Fu_hrerausweisstatistik nach Alter_2021-2025.xlsx
2021;40-49;1120999;3591_Fu_hrerausweisstatistik nach Alter_2021-2025.xlsx
2021;50-59;1264284;3591_Fu_hrerausweisstatistik nach Alter_2021-2025.xlsx
2021;60-69;1000177;3591_Fu_hrerausweisstatistik nach Alter_2021-2025.xlsx
2021;70-79;622825;3591_Fu_hrerausweisstatistik nach Alter_2021-2025.xlsx
2021;80-89;187419;3591_Fu_hrerausweisstatistik nach Alter_2021-2025.xlsx
2021;90+;14381;3591_Fu_hrerausweisstatistik nach Alter_2021-2025.xlsx
2022;18-19;67004;3591_Fu_hrerausweisstatistik nach Alter_2021-2025.xlsx
2022;20-29;760880;3591_Fu_hrerausweisstatistik nach Alter_2021-2025.xlsx
2022;30-39;1106763;3591_Fu_hrerausweisstatistik nach Alter_2021-2025.xlsx
2022;40-49;1129091;3591_Fu_hrerausweisstatistik nach Alter_2021-2025.xlsx
2022;50-59;1257097;3591_Fu_hrerausweisstatistik nach Alter_2021-2025.xlsx
2022;60-69;1028000;3591_Fu_hrerausweisstatistik nach Alter_2021-2025.xlsx
2022;70-79;645766;3591_Fu_hrerausweisstatistik nach Alter_2021-2025.xlsx
2022;80-89;201254;3591_Fu_hrerausweisstatistik nach Alter_2021-2025.xlsx
2022;90+;15733;3591_Fu_hrerausweisstatistik nach Alter_2021-2025.xlsx
2023;18-19;61377;3591_Fu_hrerausweisstatistik nach Alter_2021-2025.xlsx
2023;20-29;758712;3591_Fu_hrerausweisstatistik nach Alter_2021-2025.xlsx
2023;30-39;1118136;3591_Fu_hrerausweisstatistik nach Alter_2021-2025.xlsx
2023;40-49;1140741;3591_Fu_hrerausweisstatistik nach Alter_2021-2025.xlsx
2023;50-59;1239680;3591_Fu_hrerausweisstatistik nach Alter_2021-2025.xlsx
2023;60-69;1053830;3591_Fu_hrerausweisstatistik nach Alter_2021-2025.xlsx
2023;70-79;661062;3591_Fu_hrerausweisstatistik nach Alter_2021-2025.xlsx
2023;80-89;215009;3591_Fu_hrerausweisstatistik nach Alter_2021-2025.xlsx
2023;90+;16979;3591_Fu_hrerausweisstatistik nach Alter_2021-2025.xlsx
2024;18-19;61918;3591_Fu_hrerausweisstatistik nach Alter_2021-2025.xlsx
2024;20-29;753908;3591_Fu_hrerausweisstatistik nach Alter_2021-2025.xlsx
2024;30-39;1127027;3591_Fu_hrerausweisstatistik nach Alter_2021-2025.xlsx
2024;40-49;1155274;3591_Fu_hrerausweisstatistik nach Alter_2021-2025.xlsx
2024;50-59;1220784;3591_Fu_hrerausweisstatistik nach Alter_2021-2025.xlsx
2024;60-69;1081533;3591_Fu_hrerausweisstatistik nach Alter_2021-2025.xlsx
2024;70-79;666644;3591_Fu_hrerausweisstatistik nach Alter_2021-2025.xlsx
2024;80-89;228565;3591_Fu_hrerausweisstatistik nach Alter_2021-2025.xlsx
2024;90+;18244;3591_Fu_hrerausweisstatistik nach Alter_2021-2025.xlsx
2025;18-19;64628;3591_Fu_hrerausweisstatistik nach Alter_2021-2025.xlsx
2025;20-29;753191;3591_Fu_hrerausweisstatistik nach Alter_2021-2025.xlsx
2025;30-39;1134843;3591_Fu_hrerausweisstatistik nach Alter_2021-2025.xlsx
2025;40-49;1172820;3591_Fu_hrerausweisstatistik nach Alter_2021-2025.xlsx
2025;50-59;1203387;3591_Fu_hrerausweisstatistik nach Alter_2021-2025.xlsx
2025;60-69;1110701;3591_Fu_hrerausweisstatistik nach Alter_2021-2025.xlsx
2025;70-79;677495;3591_Fu_hrerausweisstatistik nach Alter_2021-2025.xlsx
2025;80-89;243525;3591_Fu_hrerausweisstatistik nach Alter_2021-2025.xlsx
2025;90+;19736;3591_Fu_hrerausweisstatistik nach Alter_2021-2025.xlsx
