Jahr;Altersgruppe;Beteiligungen an Unfällen mit Getöteten;Beteiligungen an Unfällen mit Schwerverletzten;Beteiligungen an Unfällen mit Leichtverletzten;Ursächlich Beteiligte gesamt;Quelldatei
2016;0-9;0;0;0;0;PWs, Schuld, ab 2015, nur Lenker.xlsx
2016;10-19;6;76;453;535;PWs, Schuld, ab 2015, nur Lenker.xlsx
2016;20-29;37;372;2350;2759;PWs, Schuld, ab 2015, nur Lenker.xlsx
2016;30-39;12;261;1750;2023;PWs, Schuld, ab 2015, nur Lenker.xlsx
2016;40-49;10;245;1543;1798;PWs, Schuld, ab 2015, nur Lenker.xlsx
2016;50-59;18;275;1456;1749;PWs, Schuld, ab 2015, nur Lenker.xlsx
2016;60-69;16;180;999;1195;PWs, Schuld, ab 2015, nur Lenker.xlsx
2016;70-79;10;201;738;949;PWs, Schuld, ab 2015, nur Lenker.xlsx
2016;80-89;8;104;370;482;PWs, Schuld, ab 2015, nur Lenker.xlsx
2016;90+;2;11;20;33;PWs, Schuld, ab 2015, nur Lenker.xlsx
2017;0-9;0;0;0;0;PWs, Schuld, ab 2015, nur Lenker.xlsx
2017;10-19;8;63;436;507;PWs, Schuld, ab 2015, nur Lenker.xlsx
2017;20-29;24;324;2372;2720;PWs, Schuld, ab 2015, nur Lenker.xlsx
2017;30-39;15;256;1754;2025;PWs, Schuld, ab 2015, nur Lenker.xlsx
2017;40-49;13;250;1470;1733;PWs, Schuld, ab 2015, nur Lenker.xlsx
2017;50-59;21;250;1459;1730;PWs, Schuld, ab 2015, nur Lenker.xlsx
2017;60-69;16;213;918;1147;PWs, Schuld, ab 2015, nur Lenker.xlsx
2017;70-79;13;174;744;931;PWs, Schuld, ab 2015, nur Lenker.xlsx
2017;80-89;12;103;375;490;PWs, Schuld, ab 2015, nur Lenker.xlsx
2017;90+;1;7;27;35;PWs, Schuld, ab 2015, nur Lenker.xlsx
2018;0-9;0;0;0;0;PWs, Schuld, ab 2015, nur Lenker.xlsx
2018;10-19;3;58;371;432;PWs, Schuld, ab 2015, nur Lenker.xlsx
2018;20-29;30;304;2271;2605;PWs, Schuld, ab 2015, nur Lenker.xlsx
2018;30-39;13;238;1686;1937;PWs, Schuld, ab 2015, nur Lenker.xlsx
2018;40-49;21;240;1513;1774;PWs, Schuld, ab 2015, nur Lenker.xlsx
2018;50-59;15;269;1458;1742;PWs, Schuld, ab 2015, nur Lenker.xlsx
2018;60-69;14;183;936;1133;PWs, Schuld, ab 2015, nur Lenker.xlsx
2018;70-79;15;181;761;957;PWs, Schuld, ab 2015, nur Lenker.xlsx
2018;80-89;12;99;375;486;PWs, Schuld, ab 2015, nur Lenker.xlsx
2018;90+;0;7;32;39;PWs, Schuld, ab 2015, nur Lenker.xlsx
2019;0-9;0;0;0;0;PWs, Schuld, ab 2015, nur Lenker.xlsx
2019;10-19;1;53;368;422;PWs, Schuld, ab 2015, nur Lenker.xlsx
2019;20-29;16;283;2171;2470;PWs, Schuld, ab 2015, nur Lenker.xlsx
2019;30-39;15;263;1687;1965;PWs, Schuld, ab 2015, nur Lenker.xlsx
2019;40-49;10;212;1460;1682;PWs, Schuld, ab 2015, nur Lenker.xlsx
2019;50-59;14;213;1422;1649;PWs, Schuld, ab 2015, nur Lenker.xlsx
2019;60-69;9;196;969;1174;PWs, Schuld, ab 2015, nur Lenker.xlsx
2019;70-79;11;174;766;951;PWs, Schuld, ab 2015, nur Lenker.xlsx
2019;80-89;8;100;385;493;PWs, Schuld, ab 2015, nur Lenker.xlsx
2019;90+;3;5;39;47;PWs, Schuld, ab 2015, nur Lenker.xlsx
2020;0-9;0;0;0;0;PWs, Schuld, ab 2015, nur Lenker.xlsx
2020;10-19;4;49;354;407;PWs, Schuld, ab 2015, nur Lenker.xlsx
2020;20-29;18;245;1812;2075;PWs, Schuld, ab 2015, nur Lenker.xlsx
2020;30-39;11;204;1415;1630;PWs, Schuld, ab 2015, nur Lenker.xlsx
2020;40-49;13;185;1161;1359;PWs, Schuld, ab 2015, nur Lenker.xlsx
2020;50-59;18;244;1257;1519;PWs, Schuld, ab 2015, nur Lenker.xlsx
2020;60-69;10;164;812;986;PWs, Schuld, ab 2015, nur Lenker.xlsx
2020;70-79;13;148;624;785;PWs, Schuld, ab 2015, nur Lenker.xlsx
2020;80-89;18;81;318;417;PWs, Schuld, ab 2015, nur Lenker.xlsx
2020;90+;2;7;18;27;PWs, Schuld, ab 2015, nur Lenker.xlsx
2021;0-9;0;1;0;1;PWs, Schuld, ab 2015, nur Lenker.xlsx
2021;10-19;7;79;485;571;PWs, Schuld, ab 2015, nur Lenker.xlsx
2021;20-29;22;299;2058;2379;PWs, Schuld, ab 2015, nur Lenker.xlsx
2021;30-39;13;234;1504;1751;PWs, Schuld, ab 2015, nur Lenker.xlsx
2021;40-49;9;202;1248;1459;PWs, Schuld, ab 2015, nur Lenker.xlsx
2021;50-59;15;235;1221;1471;PWs, Schuld, ab 2015, nur Lenker.xlsx
2021;60-69;9;168;835;1012;PWs, Schuld, ab 2015, nur Lenker.xlsx
2021;70-79;12;147;669;828;PWs, Schuld, ab 2015, nur Lenker.xlsx
2021;80-89;12;95;358;465;PWs, Schuld, ab 2015, nur Lenker.xlsx
2021;90+;3;10;33;46;PWs, Schuld, ab 2015, nur Lenker.xlsx
2022;0-9;0;0;0;0;PWs, Schuld, ab 2015, nur Lenker.xlsx
2022;10-19;6;62;437;505;PWs, Schuld, ab 2015, nur Lenker.xlsx
2022;20-29;28;288;1950;2266;PWs, Schuld, ab 2015, nur Lenker.xlsx
2022;30-39;17;269;1597;1883;PWs, Schuld, ab 2015, nur Lenker.xlsx
2022;40-49;17;223;1325;1565;PWs, Schuld, ab 2015, nur Lenker.xlsx
2022;50-59;12;245;1284;1541;PWs, Schuld, ab 2015, nur Lenker.xlsx
2022;60-69;12;195;896;1103;PWs, Schuld, ab 2015, nur Lenker.xlsx
2022;70-79;17;156;737;910;PWs, Schuld, ab 2015, nur Lenker.xlsx
2022;80-89;13;93;415;521;PWs, Schuld, ab 2015, nur Lenker.xlsx
2022;90+;3;6;37;46;PWs, Schuld, ab 2015, nur Lenker.xlsx
2023;0-9;0;0;0;0;PWs, Schuld, ab 2015, nur Lenker.xlsx
2023;10-19;9;51;377;437;PWs, Schuld, ab 2015, nur Lenker.xlsx
2023;20-29;19;273;1834;2126;PWs, Schuld, ab 2015, nur Lenker.xlsx
2023;30-39;17;215;1522;1754;PWs, Schuld, ab 2015, nur Lenker.xlsx
2023;40-49;14;247;1296;1557;PWs, Schuld, ab 2015, nur Lenker.xlsx
2023;50-59;14;242;1236;1492;PWs, Schuld, ab 2015, nur Lenker.xlsx
2023;60-69;16;191;931;1138;PWs, Schuld, ab 2015, nur Lenker.xlsx
2023;70-79;21;185;722;928;PWs, Schuld, ab 2015, nur Lenker.xlsx
2023;80-89;11;125;408;544;PWs, Schuld, ab 2015, nur Lenker.xlsx
2023;90+;0;10;45;55;PWs, Schuld, ab 2015, nur Lenker.xlsx
2024;0-9;0;0;0;0;PWs, Schuld, ab 2015, nur Lenker.xlsx
2024;10-19;5;45;328;378;PWs, Schuld, ab 2015, nur Lenker.xlsx
2024;20-29;18;252;1757;2027;PWs, Schuld, ab 2015, nur Lenker.xlsx
2024;30-39;18;221;1499;1738;PWs, Schuld, ab 2015, nur Lenker.xlsx
2024;40-49;10;206;1161;1377;PWs, Schuld, ab 2015, nur Lenker.xlsx
2024;50-59;16;213;1147;1376;PWs, Schuld, ab 2015, nur Lenker.xlsx
2024;60-69;9;182;942;1133;PWs, Schuld, ab 2015, nur Lenker.xlsx
2024;70-79;21;173;669;863;PWs, Schuld, ab 2015, nur Lenker.xlsx
2024;80-89;12;103;379;494;PWs, Schuld, ab 2015, nur Lenker.xlsx
2024;90+;3;7;38;48;PWs, Schuld, ab 2015, nur Lenker.xlsx
2025;0-9;0;0;0;0;PWs, Schuld, ab 2015, nur Lenker.xlsx
2025;10-19;5;69;346;420;PWs, Schuld, ab 2015, nur Lenker.xlsx
2025;20-29;20;244;1732;1996;PWs, Schuld, ab 2015, nur Lenker.xlsx
2025;30-39;12;216;1429;1657;PWs, Schuld, ab 2015, nur Lenker.xlsx
2025;40-49;7;207;1193;1407;PWs, Schuld, ab 2015, nur Lenker.xlsx
2025;50-59;13;238;1185;1436;PWs, Schuld, ab 2015, nur Lenker.xlsx
2025;60-69;11;187;923;1121;PWs, Schuld, ab 2015, nur Lenker.xlsx
2025;70-79;13;160;740;913;PWs, Schuld, ab 2015, nur Lenker.xlsx
2025;80-89;9;110;494;613;PWs, Schuld, ab 2015, nur Lenker.xlsx
2025;90+;7;7;50;64;PWs, Schuld, ab 2015, nur Lenker.xlsx
